  # ,              Karm ID ,                 Name , Mass , Radius, Period, Pref, log(Lbol/LSun), log(LX/Lbol), log(LHa/Lbol),log(LCa/Lbol), <B> , dB, vsini, vsini+, vsini-
  1 ,           J00051+457 ,                 GJ 2 , 0.50 , 0.49 ,   NaN ,  badDA19 ,    -1.35 ,      NaN ,      NaN ,    -4.62 ,  404 ,  108 ,   1.0 ,   0.9 ,   0.6
  2 ,           J00067-075 ,              GJ 1002 , 0.12 , 0.15 ,   NaN ,          ,    -2.85 ,      NaN ,      NaN ,      NaN ,  433 ,  151 ,   0.5 ,   0.5 ,   0.9
  3 ,          J00162+198E ,           LP 404-062 , 0.31 , 0.32 , 105.0 ,     DA19 ,    -2.06 ,      NaN ,      NaN ,    -4.70 ,  276 ,  276 ,   0.2 ,   0.2 ,   0.7
  4 ,           J00183+440 ,               GX And , 0.37 , 0.36 ,  45.0 ,     SM18 ,    -1.57 ,    -4.73 ,      NaN ,    -5.30 ,  100 ,  100 ,   0.0 ,   0.0 ,   0.1
  5 ,           J00184+440 ,               GQ And , 0.17 , 0.20 ,   NaN ,          ,    -2.46 ,    -3.77 ,      NaN ,    -5.44 ,  307 ,   89 ,   0.8 ,   0.7 ,   0.5
  6 ,           J00286-066 ,              GJ 1012 , 0.40 , 0.41 ,   NaN ,          ,    -1.82 ,      NaN ,      NaN ,      NaN ,  140 ,  140 ,   0.1 ,   0.1 ,   0.5
  7 ,           J00389+306 ,            Wolf 1056 , 0.45 , 0.45 ,  50.2 ,     DA19 ,    -1.61 ,    -4.77 ,      NaN ,    -5.04 ,  230 ,   72 ,   0.4 ,   0.3 ,   0.7
  8 ,           J00403+612 , 2MASS J00402129+6112 , 0.47 , 0.47 ,   NaN ,          ,    -1.43 ,      NaN ,      NaN ,      NaN ,  684 ,  117 ,   0.4 ,   0.4 ,   0.7
  9 ,           J00570+450 ,            G 172-030 , 0.37 , 0.37 ,   NaN ,          ,    -1.82 ,      NaN ,      NaN ,      NaN ,  586 ,  134 ,   0.7 ,   0.7 ,   0.8
 10 ,           J01013+613 ,                GJ 47 , 0.41 , 0.40 ,  34.7 ,     SM18 ,    -1.68 ,    -4.67 ,      NaN ,    -5.07 ,  292 ,  134 ,   0.4 ,   0.4 ,   0.7
 11 ,           J01019+541 ,            G 218-020 , 0.16 , 0.18 ,   0.1 ,    Rev20 ,    -2.70 ,      NaN ,    -3.81 ,      NaN , 2300 , 1259 ,  31.3 ,   1.1 ,   0.9
 12 ,           J01025+716 ,             Ross 318 , 0.50 , 0.50 ,  51.5 ,     DA19 ,    -1.52 ,    -5.48 ,      NaN ,    -5.02 ,  349 ,  109 ,   0.7 ,   0.6 ,   0.8
 13 ,           J01026+623 ,            BD+61 195 , 0.57 , 0.57 ,  19.9 ,     DA19 ,    -1.31 ,    -5.09 ,      NaN ,    -4.40 ,  516 ,  105 ,   2.1 ,   0.4 ,   0.3
 14 ,           J01033+623 ,             V388 Cas , 0.24 , 0.25 ,   1.0 ,    Rev20 ,    -2.34 ,    -2.96 ,    -3.55 ,      NaN , 4370 ,  834 ,  12.0 ,   0.7 ,   0.6
 15 ,           J01048-181 ,              GJ 1028 , 0.15 , 0.18 , 143.2 ,    New18 ,    -2.66 ,      NaN ,      NaN ,      NaN ,  265 ,  265 ,   0.3 ,   0.3 ,   0.7
 16 ,           J01066+192 ,      LSMP J0106+1913 , 0.36 , 0.36 ,   NaN ,          ,    -1.80 ,      NaN ,      NaN ,      NaN ,  399 ,  114 ,   0.6 ,   0.6 ,   0.8
 17 ,           J01125-169 ,               YZ Cet , 0.15 , 0.18 ,  69.2 ,     DA19 ,    -2.66 ,    -3.44 ,    -4.36 ,    -4.58 , 1516 ,  216 ,   2.4 ,   0.6 ,   0.5
 18 ,           J01339-176 ,           LP 768-113 , 0.30 , 0.31 ,  27.1 ,     DA19 ,    -2.05 ,    -3.36 ,    -4.17 ,      NaN , 1114 ,  239 ,   3.5 ,   0.4 ,   0.4
 19 ,           J01352-072 ,         Barta 161 12 , 0.72 , 0.71 ,   0.7 ,    Rev20 ,    -1.32 ,    -2.96 ,    -3.49 ,      NaN , 3000 ,  793 ,  55.0 ,   0.0 ,   0.2
 20 ,           J01433+043 ,                GJ 70 , 0.42 , 0.41 ,   NaN ,          ,    -1.65 ,    -4.53 ,      NaN ,    -4.99 ,  420 ,   53 ,   0.1 ,   0.1 ,   0.5
 21 ,           J01518+644 ,            G 244-037 , 0.50 , 0.49 ,   NaN ,          ,    -1.48 ,      NaN ,      NaN ,      NaN ,  298 ,  111 ,   0.5 ,   0.5 ,   0.8
 22 ,           J02002+130 ,               TZ Ari , 0.16 , 0.19 ,   NaN ,          ,    -2.60 ,    -3.55 ,    -4.04 ,    -4.45 , 2107 ,  179 ,   3.2 ,   0.4 ,   0.3
 23 ,           J02015+637 ,            G 244-047 , 0.46 , 0.46 ,   NaN ,          ,    -1.57 ,      NaN ,      NaN ,    -4.99 ,  274 ,   51 ,   0.1 ,   0.1 ,   0.4
 24 ,           J02070+496 ,            G 173-037 , 0.35 , 0.35 ,   7.2 ,     DA19 ,    -1.87 ,    -3.74 ,    -4.66 ,      NaN , 1116 ,  191 ,   1.6 ,   1.2 ,   0.7
 25 ,           J02088+494 ,            G 173-039 , 0.41 , 0.41 ,   0.7 ,    Rev20 ,    -1.75 ,    -2.85 ,    -3.54 ,      NaN , 6964 , 1327 ,  24.4 ,   1.2 ,   1.3
 26 ,           J02123+035 ,            BD+02 348 , 0.48 , 0.47 ,   NaN ,          ,    -1.51 ,      NaN ,      NaN ,    -5.16 ,  100 ,  100 ,   0.1 ,   0.1 ,   0.4
 27 ,           J02222+478 ,            BD+47 612 , 0.56 , 0.55 ,  29.5 ,     DA19 ,    -1.19 ,    -4.95 ,      NaN ,    -4.61 ,  366 ,   48 ,   0.4 ,   0.4 ,   0.6
 28 ,           J02336+249 ,               GJ 102 , 0.24 , 0.26 ,   NaN ,          ,    -2.25 ,    -3.35 ,    -3.97 ,    -4.47 , 1450 ,  265 ,   5.0 ,   0.4 ,   0.3
 29 ,           J02358+202 ,            BD+19 381 , 0.52 , 0.52 ,  31.9 ,     DA19 ,    -1.39 ,    -4.42 ,      NaN ,    -4.77 ,  362 ,  101 ,   0.4 ,   0.4 ,   0.7
 30 ,           J02362+068 ,               BX Cet , 0.30 , 0.31 ,   NaN ,          ,    -2.09 ,      NaN ,      NaN ,    -5.24 ,  230 ,  230 ,   0.4 ,   0.4 ,   0.7
 31 ,           J02442+255 ,               VX Ari , 0.40 , 0.39 ,  38.7 ,     DA19 ,    -1.78 ,    -4.48 ,      NaN ,    -5.13 ,  223 ,   98 ,   0.9 ,   0.8 ,   0.6
 32 ,          J02489-145E ,      PM J02489-1432E , 0.45 , 0.45 ,   NaN ,          ,    -1.57 ,      NaN ,    -4.57 ,      NaN ,  307 ,  307 ,   0.3 ,   0.3 ,   0.7
 33 ,          J02489-145W ,      PM J02489-1432W , 0.51 , 0.50 ,   NaN ,          ,    -1.47 ,      NaN ,    -4.56 ,      NaN ,  569 ,  128 ,   0.8 ,   0.7 ,   0.7
 34 ,           J02519+224 ,              RBS 365 , 0.37 , 0.55 ,   0.9 ,     DA19 ,    -1.57 ,    -2.22 ,    -3.61 ,      NaN , 3936 , 1090 ,  28.0 ,   0.9 ,   0.9
 35 ,           J02530+168 ,     Teegarden's Star , 0.10 , 0.13 ,   NaN ,          ,    -3.16 ,      NaN ,    -5.36 ,      NaN ,  543 ,  194 ,   0.8 ,   0.8 ,   1.1
 36 ,          J02565+554W ,             Ross 364 , 0.61 , 0.61 ,  51.2 ,     SM18 ,    -1.13 ,      NaN ,      NaN ,      NaN ,  377 ,   83 ,   0.3 ,   0.3 ,   0.7
 37 ,           J02573+765 ,             G 245-61 , 0.24 , 0.25 ,   NaN ,          ,    -2.15 ,      NaN ,      NaN ,      NaN ,  185 ,  185 ,   0.3 ,   0.3 ,   0.6
 38 ,           J03133+047 ,               CD Cet , 0.18 , 0.21 , 126.2 ,   New16a ,    -2.53 ,      NaN ,      NaN ,    -5.22 ,  240 ,   98 ,   0.2 ,   0.2 ,   0.7
 39 ,           J03181+382 ,            HD 275122 , 0.60 , 0.60 ,  77.2 ,     DA19 ,    -1.19 ,      NaN ,      NaN ,    -4.93 ,  225 ,   69 ,   0.6 ,   0.5 ,   0.6
 40 ,           J03213+799 ,               GJ 133 , 0.44 , 0.43 ,  32.4 ,     DA19 ,    -1.61 ,      NaN ,      NaN ,      NaN ,  444 ,  125 ,   0.4 ,   0.4 ,   0.7
 41 ,           J03217-066 ,             G 77-046 , 0.49 , 0.48 ,  21.1 ,     DA19 ,    -1.48 ,    -4.65 ,    -4.73 ,    -4.52 , 1049 ,  175 ,   1.5 ,   1.2 ,   0.6
 42 ,           J03463+262 ,             HD 23453 , 0.60 , 0.60 ,   NaN ,          ,    -1.14 ,    -4.80 ,      NaN ,    -4.40 ,  466 ,   90 ,   1.8 ,   0.4 ,   0.3
 43 ,           J03473-019 ,             G 80-021 , 0.50 , 0.50 ,   3.9 ,    Rev20 ,    -1.50 ,    -3.05 ,    -3.67 ,    -3.97 , 3053 ,  340 ,   7.2 ,   0.3 ,   0.3
 44 ,           J03531+625 ,             Ross 567 , 0.39 , 0.38 ,   NaN ,          ,    -1.77 ,      NaN ,      NaN ,      NaN ,  260 ,   71 ,   0.2 ,   0.2 ,   0.6
 45 ,           J04153-076 ,          omi02 Eri C , 0.27 , 0.28 ,   NaN ,          ,    -2.19 ,    -3.18 ,    -3.94 ,      NaN , 2821 ,  168 ,   2.5 ,   0.8 ,   0.6
 46 ,           J04167-120 ,            LP 714-47 , 0.60 , 0.59 ,   NaN ,          ,    -1.12 ,      NaN ,      NaN ,      NaN ,  706 ,  173 ,   2.0 ,   0.4 ,   0.4
 47 ,           J04219+213 ,            LP 415-17 , 0.59 , 0.58 ,   NaN ,          ,    -1.13 ,      NaN ,      NaN ,      NaN ,  241 ,  241 ,   0.3 ,   0.3 ,   0.8
 48 ,           J04225+105 ,      LSPM J0422+1031 , 0.48 , 0.47 ,   NaN ,  badDA19 ,    -1.60 ,      NaN ,      NaN ,    -5.14 ,  269 ,   70 ,   0.2 ,   0.2 ,   0.6
 49 ,           J04290+219 ,            BD+21 652 , 0.62 , 0.85 ,  25.4 ,     DA19 ,    -0.93 ,    -4.55 ,      NaN ,    -4.44 ,  403 ,   88 ,   1.0 ,   0.9 ,   0.5
 50 ,           J04311+589 ,            STN 2051A , 0.30 , 0.31 ,   NaN ,          ,    -2.04 ,    -4.63 ,      NaN ,      NaN ,  199 ,  199 ,   0.2 ,   0.2 ,   0.6
 51 ,           J04343+430 ,       PM J04343+4302 , 0.50 , 0.49 ,   NaN ,          ,    -1.52 ,      NaN ,      NaN ,      NaN ,  233 ,  122 ,   0.4 ,   0.4 ,   0.7
 52 ,           J04376+528 ,            BD+52 857 , 0.58 , 0.58 ,   NaN ,          ,    -1.11 ,    -4.81 ,      NaN ,    -4.44 ,  436 ,   56 ,   0.6 ,   0.6 ,   0.5
 53 ,           J04376-110 ,            BD-11 916 , 0.49 , 0.48 ,   NaN ,          ,    -1.49 ,      NaN ,      NaN ,    -5.04 ,  185 ,   77 ,   0.2 ,   0.2 ,   0.6
 54 ,           J04429+189 ,            HD 285968 , 0.51 , 0.51 ,  40.7 ,     DA19 ,    -1.45 ,    -4.65 ,      NaN ,    -4.74 ,  322 ,   84 ,   0.2 ,   0.2 ,   0.6
 55 ,           J04429+214 , 2MASS J04425586+2128 , 0.42 , 0.42 ,  47.8 ,     DA19 ,    -1.75 ,      NaN ,      NaN ,    -4.97 ,  442 ,  135 ,   0.8 ,   0.7 ,   0.8
 56 ,           J04472+206 ,      RX J0447.2+2038 , 0.38 , 0.39 ,   0.3 ,     CC21 ,    -1.90 ,    -3.12 ,    -3.53 ,      NaN , 3849 , 1662 ,  49.7 ,   1.0 ,   1.0
 57 ,           J04520+064 ,            Wolf 1539 , 0.40 , 0.40 ,   NaN ,          ,    -1.79 ,      NaN ,      NaN ,    -5.04 ,  267 ,  267 ,   0.2 ,   0.2 ,   0.7
 58 ,           J04538-177 ,               GJ 180 , 0.43 , 0.42 ,   NaN ,          ,    -1.62 ,      NaN ,      NaN ,    -5.09 ,  195 ,   74 ,   0.3 ,   0.3 ,   0.7
 59 ,           J04588+498 ,           BD+49 1280 , 0.62 , 0.62 ,   NaN ,          ,    -1.09 ,    -5.02 ,      NaN ,    -4.43 ,  484 ,   56 ,   1.7 ,   0.3 ,   0.2
 60 ,           J05019+011 , 1RXS J050156.7+01084 , 0.38 , 0.61 ,   2.1 ,    Rev20 ,    -1.46 ,    -3.05 ,    -3.57 ,    -4.18 , 2601 ,  333 ,   8.7 ,   0.3 ,   0.3
 61 ,           J05019-069 ,           LP 656-038 , 0.18 , 0.21 ,  88.5 ,   Kira12 ,    -2.44 ,    -3.91 ,    -4.57 ,    -4.75 , 1036 ,  385 ,   1.9 ,   1.4 ,   0.9
 62 ,           J05033-173 ,           LP 776-046 , 0.29 , 0.30 ,   NaN ,          ,    -2.02 ,      NaN ,      NaN ,    -5.26 ,  283 ,   79 ,   0.3 ,   0.3 ,   0.7
 63 ,           J05062+046 ,      RX J0506.2+0439 , 0.35 , 0.58 ,   0.9 ,    Rev20 ,    -1.55 ,    -3.12 ,    -3.52 ,    -4.53 , 3293 ,  598 ,  28.8 ,   0.4 ,   0.2
 64 ,           J05084-210 , 2MASS J05082729-2101 , 0.74 , 0.73 ,   0.3 ,    Rev20 ,    -1.42 ,    -3.16 ,    -3.33 ,      NaN , 8286 , 1833 ,  25.7 ,   2.7 ,   2.6
 65 ,           J05127+196 ,               GJ 192 , 0.46 , 0.45 ,   NaN ,          ,    -1.56 ,      NaN ,      NaN ,    -5.17 ,  202 ,  202 ,   0.2 ,   0.2 ,   0.6
 66 ,           J05280+096 ,              Ross 41 , 0.26 , 0.27 ,   NaN ,  badDA19 ,    -2.18 ,      NaN ,      NaN ,      NaN ,  231 ,  231 ,   0.5 ,   0.4 ,   0.6
 67 ,           J05314-036 ,             HD 36395 , 0.54 , 0.54 ,  33.8 ,     DA19 ,    -1.20 ,    -4.79 ,      NaN ,    -4.53 ,  364 ,   91 ,   1.5 ,   0.4 ,   0.4
 68 ,           J05337+019 ,             V371 Ori , 0.48 , 0.48 ,   0.6 ,    Rev20 ,    -1.54 ,    -3.00 ,    -3.55 ,      NaN , 3954 ,  483 ,  10.8 ,   0.4 ,   0.4
 69 ,           J05348+138 ,              Ross 46 , 0.39 , 0.39 ,   NaN ,          ,    -1.80 ,    -4.29 ,      NaN ,    -5.19 ,  319 ,   81 ,   0.6 ,   0.5 ,   0.7
 70 ,           J05360-076 ,            Wolf 1457 , 0.37 , 0.37 ,   NaN ,          ,    -1.89 ,      NaN ,      NaN ,      NaN ,  100 ,  100 ,   0.1 ,   0.1 ,   0.4
 71 ,           J05365+113 ,            V2689 Ori , 0.63 , 0.63 ,  11.5 ,     CC21 ,    -1.09 ,    -4.09 ,    -4.53 ,    -4.14 , 1082 ,   69 ,   1.9 ,   0.2 ,   0.2
 72 ,           J05366+112 , 2MASS J05363846+1117 , 0.30 , 0.31 ,   NaN ,          ,    -2.05 ,      NaN ,    -3.92 ,    -4.16 , 2067 ,  222 ,   4.3 ,   0.4 ,   0.3
 73 ,           J05394+406 ,       LSR J0539+4038 , 0.10 , 0.12 ,   NaN ,          ,    -3.23 ,      NaN ,    -4.52 ,      NaN , 2146 ,  331 ,   3.7 ,   0.7 ,   0.7
 74 ,           J05415+534 ,            HD 233153 , 0.58 , 0.58 ,   NaN ,          ,    -1.26 ,    -3.77 ,      NaN ,    -4.44 ,  368 ,   90 ,   2.1 ,   0.3 ,   0.2
 75 ,           J05421+124 ,            V1352 Ori , 0.26 , 0.27 ,   NaN ,          ,    -2.20 ,    -4.87 ,      NaN ,    -5.51 ,  104 ,  104 ,   0.1 ,   0.1 ,   0.3
 76 ,           J06000+027 ,             G 99-049 , 0.26 , 0.27 ,   1.8 ,    Rev20 ,    -2.20 ,    -3.41 ,    -3.95 ,    -4.16 , 2042 ,  260 ,   7.2 ,   0.3 ,   0.3
 77 ,           J06011+595 ,            G 192-013 , 0.30 , 0.30 ,   NaN ,          ,    -2.09 ,      NaN ,      NaN ,    -5.16 ,  181 ,   81 ,   0.3 ,   0.3 ,   0.7
 78 ,           J06024+498 ,            G 192-015 , 0.15 , 0.18 , 105.0 ,     DA19 ,    -2.68 ,      NaN ,      NaN ,      NaN ,  343 ,  343 ,   0.4 ,   0.4 ,   0.8
 79 ,           J06103+821 ,               GJ 226 , 0.44 , 0.44 ,  44.6 ,     DA19 ,    -1.62 ,    -5.04 ,      NaN ,    -5.09 ,  155 ,  155 ,   0.2 ,   0.2 ,   0.6
 80 ,           J06105-218 ,           HD 42581 A , 0.54 , 0.55 ,  27.3 ,     DA19 ,    -1.28 ,    -5.18 ,      NaN ,    -4.64 ,  358 ,   77 ,   0.4 ,   0.4 ,   0.7
 81 ,           J06246+234 ,              Ross 64 , 0.18 , 0.20 ,   NaN ,          ,    -2.49 ,      NaN ,      NaN ,      NaN ,  516 ,  152 ,   0.6 ,   0.6 ,   0.9
 82 ,           J06318+414 ,           LP 205-044 , 0.42 , 0.42 ,   0.3 ,    Rev20 ,    -1.89 ,    -2.95 ,    -3.52 ,      NaN , 2572 , 1434 ,  54.2 ,   0.2 ,   0.6
 83 ,           J06371+175 ,            HD 260655 , 0.48 , 0.48 ,   NaN ,          ,    -1.45 ,    -4.84 ,      NaN ,    -4.84 ,  191 ,   52 ,   0.1 ,   0.1 ,   0.3
 84 ,           J06396-210 ,           LP 780-032 , 0.26 , 0.27 ,   NaN ,          ,    -2.12 ,    -3.95 ,      NaN ,      NaN ,  610 ,  172 ,   1.3 ,   1.1 ,   0.7
 85 ,           J06421+035 ,            G 108-021 , 0.41 , 0.40 ,  83.4 ,     DA19 ,    -1.74 ,      NaN ,      NaN ,    -5.08 ,  195 ,   67 ,   0.2 ,   0.2 ,   0.6
 86 ,           J06548+332 ,             Wolf 294 , 0.39 , 0.39 ,   NaN ,  badDA19 ,    -1.80 ,    -5.65 ,      NaN ,    -5.38 ,  197 ,  197 ,   0.1 ,   0.1 ,   0.5
 87 ,           J06574+740 , 2MASS J06572616+7405 , 0.52 , 0.51 ,   NaN ,          ,    -1.58 ,    -3.51 ,    -3.64 ,      NaN , 6041 , 1313 ,  27.3 ,   1.5 ,   1.3
 88 ,           J06594+193 ,              GJ 1093 , 0.14 , 0.17 ,   NaN ,          ,    -2.80 ,      NaN ,      NaN ,    -5.91 ,  334 ,  334 ,   0.2 ,   0.2 ,   0.6
 89 ,           J07001-190 , 2MASS J07000682-1901 , 0.60 , 0.59 ,   NaN ,          ,    -1.54 ,    -3.11 ,    -3.68 ,      NaN , 2362 ,  289 ,   5.0 ,   0.5 ,   0.5
 90 ,           J07033+346 ,           LP 255-011 , 0.28 , 0.29 ,   8.0 ,     DA19 ,    -2.14 ,      NaN ,    -3.90 ,      NaN , 2150 ,  182 ,   3.5 ,   0.4 ,   0.4
 91 ,           J07044+682 ,               GJ 258 , 0.43 , 0.42 ,   NaN ,          ,    -1.67 ,      NaN ,      NaN ,      NaN ,  234 ,  234 ,   0.2 ,   0.2 ,   0.6
 92 ,           J07274+052 ,        Luyten's Star , 0.30 , 0.30 ,  93.5 ,    SM17b ,    -1.99 ,    -5.35 ,      NaN ,    -5.27 ,  219 ,  219 ,   0.2 ,   0.2 ,   0.7
 93 ,           J07287-032 ,              GJ 1097 , 0.40 , 0.40 ,   NaN ,          ,    -1.71 ,      NaN ,      NaN ,    -5.31 ,  199 ,  199 ,   0.3 ,   0.3 ,   0.7
 94 ,          J07319+362N ,               BL Lyn , 0.43 , 0.43 ,  16.4 ,     DA19 ,    -1.72 ,    -2.76 ,    -3.92 ,    -4.27 , 2276 ,  190 ,   2.7 ,   0.5 ,   0.5
 95 ,           J07353+548 ,              GJ 3452 , 0.40 , 0.39 ,   NaN ,  badDA19 ,    -1.72 ,      NaN ,      NaN ,      NaN ,  174 ,  174 ,   0.1 ,   0.1 ,   0.5
 96 ,           J07361-031 ,           BD-02 2198 , 0.59 , 0.59 ,  12.2 ,     DA19 ,    -1.21 ,    -4.26 ,    -4.28 ,      NaN , 1569 ,  110 ,   3.1 ,   0.2 ,   0.2
 97 ,           J07386-212 ,           LP 763-001 , 0.30 , 0.31 ,   NaN ,          ,    -1.94 ,      NaN ,      NaN ,    -5.29 ,  183 ,  183 ,   0.2 ,   0.2 ,   0.6
 98 ,           J07393+021 ,           BD+02 1729 , 0.62 , 0.62 ,   NaN ,          ,    -1.11 ,      NaN ,      NaN ,    -4.53 ,  321 ,   67 ,   1.5 ,   0.3 ,   0.3
 99 ,           J07403-174 ,           LP 783-002 , 0.11 , 0.14 ,   NaN ,          ,    -3.10 ,    -4.11 ,      NaN ,      NaN ,  295 ,  295 ,   0.4 ,   0.4 ,   0.8
100 ,           J07446+035 ,               YZ CMi , 0.36 , 0.37 ,   2.8 ,    Rev20 ,    -1.95 ,    -2.98 ,    -3.61 ,      NaN , 4351 ,  226 ,   4.9 ,   0.4 ,   0.4
101 ,           J07472+503 , 2MASS J07471385+5020 , 0.29 , 0.29 ,   1.3 ,    Rev20 ,    -2.11 ,    -3.75 ,    -3.80 ,      NaN , 2126 ,  385 ,  12.0 ,   0.3 ,   0.4
102 ,           J07558+833 ,              GJ 1101 , 0.28 , 0.29 ,   1.1 ,    Rev20 ,    -2.13 ,    -3.02 ,    -3.75 ,      NaN , 3378 ,  633 ,  12.7 ,   0.6 ,   0.6
103 ,           J07582+413 ,              GJ 1105 , 0.30 , 0.31 ,   NaN ,          ,    -2.06 ,      NaN ,      NaN ,    -5.33 ,  103 ,  103 ,   0.1 ,   0.1 ,   0.5
104 ,           J08023+033 ,            G 50-16 A , 0.36 , 0.36 ,   NaN ,          ,    -1.83 ,      NaN ,      NaN ,      NaN ,  352 ,  352 ,   0.4 ,   0.4 ,   0.8
105 ,           J08119+087 ,             Ross 619 , 0.16 , 0.18 ,   NaN ,  badDA19 ,    -2.56 ,      NaN ,      NaN ,      NaN ,  606 ,  209 ,   1.9 ,   0.9 ,   0.6
106 ,           J08126-215 ,               GJ 300 , 0.30 , 0.31 ,   NaN ,          ,    -2.08 ,    -4.95 ,      NaN ,    -5.05 ,  184 ,  184 ,   0.2 ,   0.2 ,   0.7
107 ,           J08161+013 ,              GJ 2066 , 0.44 , 0.44 ,  40.7 ,     DA19 ,    -1.56 ,      NaN ,      NaN ,    -5.00 ,  308 ,   46 ,   0.2 ,   0.2 ,   0.5
108 ,           J08293+039 , 2MASS J08292191+0355 , 0.50 , 0.50 ,   NaN ,          ,    -1.45 ,      NaN ,      NaN ,    -4.51 ,  384 ,   98 ,   0.5 ,   0.5 ,   0.7
109 ,           J08298+267 ,               DX Cnc , 0.12 , 0.13 ,   0.5 ,     DA19 ,    -3.14 ,      NaN ,    -4.31 ,      NaN , 1926 ,  469 ,  10.9 ,   0.5 ,   0.5
110 ,           J08315+730 ,           LP 035-219 , 0.31 , 0.31 , 105.0 ,     DA19 ,    -2.04 ,      NaN ,      NaN ,      NaN ,  221 ,  221 ,   0.1 ,   0.1 ,   0.5
111 ,           J08358+680 ,            G 234-037 , 0.40 , 0.39 ,   NaN ,          ,    -1.74 ,    -4.49 ,      NaN ,      NaN ,  446 ,  201 ,   1.7 ,   1.1 ,   0.6
112 ,           J08402+314 ,      LSPM J0840+3127 , 0.32 , 0.32 , 118.0 ,     DA19 ,    -2.00 ,      NaN ,      NaN ,      NaN ,  281 ,  100 ,   0.4 ,   0.4 ,   0.7
113 ,           J08409-234 ,           LP 844-008 , 0.44 , 0.44 ,   NaN ,          ,    -1.65 ,      NaN ,      NaN ,    -5.02 ,  222 ,   86 ,   0.2 ,   0.2 ,   0.6
114 ,           J08413+594 ,           LP 090-018 , 0.13 , 0.16 ,   NaN ,          ,    -2.82 ,      NaN ,    -4.44 ,      NaN , 1118 ,  185 ,   1.2 ,   1.1 ,   1.0
115 ,           J08526+283 ,            rho Cnc B , 0.30 , 0.31 ,   NaN ,          ,    -2.10 ,      NaN ,      NaN ,    -5.08 ,  245 ,  245 ,   0.3 ,   0.3 ,   0.7
116 ,           J08536-034 ,           LP 666-009 , 0.07 , 0.09 ,   0.5 ,    Rev20 ,    -3.54 ,    -3.38 ,    -3.93 ,      NaN , 5211 ,  823 ,   7.4 ,   0.9 ,   1.0
117 ,           J09003+218 ,           LP 368-128 , 0.12 , 0.13 ,   0.4 ,   New16a ,    -3.13 ,    -3.39 ,    -4.15 ,      NaN , 2335 ,  652 ,  14.8 ,   0.8 ,   0.8
118 ,           J09028+680 ,           LP 060-179 , 0.30 , 0.30 ,   NaN ,          ,    -2.07 ,      NaN ,      NaN ,      NaN ,  214 ,  214 ,   0.2 ,   0.2 ,   0.7
119 ,           J09033+056 ,           NLTT 20861 , 0.17 , 0.18 ,   NaN ,          ,    -2.74 ,      NaN ,      NaN ,      NaN ,  950 ,  501 ,   7.4 ,   0.9 ,   0.8
120 ,           J09133+688 ,            G 234-057 , 0.64 , 0.63 ,  10.4 ,     SM18 ,    -1.27 ,    -3.76 ,    -4.53 ,      NaN , 1200 ,  140 ,   2.5 ,   0.3 ,   0.3
121 ,           J09140+196 ,           LP 427-016 , 0.51 , 0.51 ,  89.9 ,     DA19 ,    -1.48 ,      NaN ,      NaN ,    -4.65 ,  522 ,  139 ,   1.3 ,   1.0 ,   0.5
122 ,           J09143+526 ,             HD 79210 , 0.60 , 0.59 ,   NaN ,          ,    -1.09 ,    -4.25 ,      NaN ,    -4.46 ,  421 ,   57 ,   0.7 ,   0.6 ,   0.5
123 ,           J09144+526 ,             HD 79211 , 0.61 , 0.61 ,   NaN ,          ,    -1.12 ,    -4.70 ,      NaN ,    -4.47 ,  336 ,   43 ,   0.2 ,   0.2 ,   0.6
124 ,           J09161+018 ,      RX J0916.1+0153 , 0.33 , 0.33 ,   1.4 ,    Rev20 ,    -1.98 ,    -3.29 ,    -3.68 ,    -3.77 , 3485 ,  642 ,  11.9 ,   0.6 ,   0.6
125 ,           J09163-186 ,           LP 787-052 , 0.48 , 0.48 ,   NaN ,          ,    -1.49 ,    -4.30 ,    -4.65 ,    -4.53 ,  980 ,  269 ,   0.8 ,   0.7 ,   1.0
126 ,           J09307+003 ,              GJ 1125 , 0.34 , 0.34 ,   NaN ,          ,    -1.94 ,      NaN ,      NaN ,    -5.36 ,  173 ,   66 ,   0.3 ,   0.3 ,   0.7
127 ,           J09360-216 ,               GJ 357 , 0.37 , 0.36 ,  74.3 ,     SM15 ,    -1.79 ,      NaN ,      NaN ,    -5.44 ,  133 ,  133 ,   0.1 ,   0.1 ,   0.2
128 ,           J09411+132 ,              Ross 85 , 0.49 , 0.49 ,   NaN ,          ,    -1.48 ,    -4.54 ,      NaN ,    -4.76 ,  414 ,   80 ,   0.3 ,   0.3 ,   0.7
129 ,           J09423+559 ,               GJ 363 , 0.41 , 0.41 ,  74.3 ,     DA19 ,    -1.77 ,      NaN ,      NaN ,      NaN ,  279 ,  121 ,   0.7 ,   0.7 ,   0.8
130 ,           J09425+700 ,               GJ 360 , 0.52 , 0.52 ,  21.0 ,     DA19 ,    -1.45 ,    -4.19 ,    -4.47 ,      NaN , 1202 ,  137 ,   1.6 ,   0.7 ,   0.4
131 ,           J09428+700 ,               GJ 362 , 0.46 , 0.46 ,  23.9 ,     DA19 ,    -1.63 ,    -3.69 ,    -4.40 ,    -4.49 , 1357 ,  157 ,   1.8 ,   0.7 ,   0.5
132 ,           J09439+269 ,              Ross 93 , 0.42 , 0.41 ,   NaN ,  badDA19 ,    -1.74 ,      NaN ,      NaN ,    -5.27 ,  281 ,  281 ,   0.5 ,   0.4 ,   0.7
133 ,           J09447-182 ,              GJ 1129 , 0.32 , 0.32 ,   NaN ,          ,    -2.02 ,      NaN ,      NaN ,    -5.28 ,  142 ,  142 ,   0.2 ,   0.2 ,   0.6
134 ,           J09449-123 ,            G 161-071 , 0.35 , 0.35 ,   0.4 ,    Rev20 ,    -2.05 ,    -2.90 ,    -3.38 ,      NaN , 5306 , 1539 ,  35.2 ,   1.1 ,   0.7
135 ,           J09468+760 ,           BD+76 3952 , 0.52 , 0.51 ,   NaN ,          ,    -1.38 ,      NaN ,      NaN ,      NaN ,  193 ,  193 ,   0.2 ,   0.2 ,   0.6
136 ,           J09511-123 ,           BD-11 2741 , 0.53 , 0.53 ,   NaN ,          ,    -1.34 ,      NaN ,      NaN ,    -4.93 ,  204 ,  204 ,   0.1 ,   0.1 ,   0.5
137 ,           J09561+627 ,            BD+63 869 , 0.60 , 0.60 ,   NaN ,          ,    -1.15 ,    -4.80 ,      NaN ,    -4.44 ,  416 ,   85 ,   1.9 ,   0.3 ,   0.3
138 ,           J10023+480 ,           BD+48 1829 , 0.58 , 0.59 ,   NaN ,          ,    -1.22 ,      NaN ,      NaN ,      NaN ,  184 ,   70 ,   0.4 ,   0.4 ,   0.6
139 ,           J10088+692 ,      TYC 4384-1735-1 , 0.66 , 0.65 ,   NaN ,          ,    -1.06 ,      NaN ,      NaN ,      NaN ,  189 ,   48 ,   0.1 ,   0.1 ,   0.5
140 ,           J10122-037 ,               AN Sex , 0.52 , 0.52 ,  21.6 ,     DA19 ,    -1.38 ,    -4.86 ,      NaN ,    -4.56 ,  404 ,  105 ,   1.7 ,   0.5 ,   0.4
141 ,           J10125+570 ,           LP 092-048 , 0.33 , 0.33 ,   NaN ,          ,    -1.92 ,      NaN ,      NaN ,    -5.26 ,  235 ,   92 ,   0.3 ,   0.3 ,   0.7
142 ,           J10167-119 ,               GJ 386 , 0.50 , 0.50 ,   NaN ,          ,    -1.50 ,      NaN ,      NaN ,    -5.06 ,  100 ,  100 ,   0.1 ,   0.1 ,   0.3
143 ,           J10185-117 ,           LP 729-054 , 0.38 , 0.39 ,   NaN ,          ,    -1.77 ,      NaN ,      NaN ,      NaN ,  139 ,  139 ,   0.2 ,   0.2 ,   0.6
144 ,           J10196+198 ,               AD Leo , 0.47 , 0.47 ,   2.2 ,   Mori08 ,    -1.63 ,    -3.08 ,    -3.64 ,      NaN , 3357 ,  172 ,   3.9 ,   0.4 ,   0.4
145 ,           J10251-102 ,           BD-09 3070 , 0.50 , 0.50 ,   NaN ,          ,    -1.34 ,    -5.08 ,      NaN ,    -4.60 ,  359 ,   91 ,   1.2 ,   0.8 ,   0.4
146 ,           J10289+008 ,           BD+01 2447 , 0.45 , 0.45 ,  32.7 ,     CC21 ,    -1.59 ,    -5.16 ,      NaN ,    -4.91 ,  293 ,  116 ,   1.2 ,   0.9 ,   0.5
147 ,           J10350-094 ,           LP 670-017 , 0.42 , 0.41 ,   NaN ,          ,    -1.71 ,      NaN ,      NaN ,    -5.15 ,  214 ,   93 ,   0.3 ,   0.3 ,   0.7
148 ,           J10360+051 ,               RY Sex , 0.35 , 0.36 ,   NaN ,          ,    -1.87 ,    -3.12 ,    -3.64 ,      NaN , 4815 ,  225 ,   2.8 ,   0.5 ,   0.5
149 ,           J10396-069 ,               GJ 399 , 0.49 , 0.49 ,   NaN ,          ,    -1.50 ,      NaN ,      NaN ,    -5.02 ,  304 ,  167 ,   0.4 ,   0.4 ,   0.7
150 ,           J10416+376 ,              GJ 1134 , 0.24 , 0.26 ,  54.3 ,     DA19 ,    -2.29 ,      NaN ,      NaN ,      NaN ,  350 ,  350 ,   0.3 ,   0.3 ,   0.8
151 ,           J10504+331 ,            G 119-037 , 0.44 , 0.44 ,   NaN ,          ,    -1.70 ,    -4.92 ,      NaN ,      NaN ,  198 ,   75 ,   0.2 ,   0.2 ,   0.6
152 ,           J10508+068 ,               EE Leo , 0.29 , 0.30 ,  64.0 ,     DA19 ,    -2.09 ,      NaN ,      NaN ,    -5.10 ,  211 ,  211 ,   0.2 ,   0.2 ,   0.6
153 ,           J10564+070 ,               CN Leo , 0.14 , 0.15 ,   2.7 ,     DA19 ,    -2.96 ,    -3.58 ,    -3.98 ,      NaN , 1926 ,  184 ,   0.5 ,   0.5 ,   1.1
154 ,           J10584-107 ,           LP 731-076 , 0.21 , 0.22 ,   NaN ,          ,    -2.40 ,    -3.29 ,    -3.85 ,      NaN , 3865 ,  255 ,   3.5 ,   0.6 ,   0.6
155 ,           J11000+228 ,             Ross 104 , 0.42 , 0.42 ,   NaN ,          ,    -1.71 ,    -4.93 ,      NaN ,    -5.10 ,  367 ,  117 ,   1.1 ,   0.9 ,   0.6
156 ,           J11026+219 ,               DS Leo , 0.57 , 0.57 ,  13.5 ,     CC21 ,    -1.24 ,    -3.95 ,    -4.53 ,    -4.12 , 1033 ,   90 ,   2.5 ,   0.2 ,   0.2
157 ,           J11033+359 ,        Lalande 21185 , 0.42 , 0.41 ,  48.0 ,     KS07 ,    -1.71 ,    -5.17 ,      NaN ,    -5.46 ,  100 ,  100 ,   0.0 ,   0.0 ,   0.1
158 ,           J11054+435 ,          BD+44 2051A , 0.35 , 0.35 , 100.9 ,     SM18 ,    -1.71 ,    -5.25 ,      NaN ,    -5.46 ,  105 ,  105 ,   0.0 ,   0.0 ,   0.2
159 ,           J11055+435 ,               WX UMa , 0.11 , 0.13 ,   0.8 ,   Mori10 ,    -3.03 ,    -3.14 ,    -3.56 ,      NaN , 6665 ,  461 ,   0.5 ,   0.5 ,   1.1
160 ,          J11110+304E ,             HD 97101 , 0.72 , 0.70 ,  38.5 ,    Oel18 ,    -0.90 ,      NaN ,      NaN ,      NaN ,  204 ,  204 ,   2.0 ,   0.0 ,   0.1
161 ,          J11110+304W ,           HD 97101 B , 0.54 , 0.53 ,   NaN ,          ,    -1.29 ,    -5.10 ,      NaN ,    -4.78 ,  278 ,   63 ,   0.4 ,   0.4 ,   0.6
162 ,           J11126+189 ,           StKM 1-928 , 0.51 , 0.51 ,   NaN ,          ,    -1.33 ,      NaN ,      NaN ,    -4.59 ,  236 ,   72 ,   0.8 ,   0.7 ,   0.5
163 ,           J11201-104 ,           LP 733-099 , 0.53 , 0.53 ,   5.6 ,    Rev20 ,    -1.38 ,    -3.21 ,    -3.94 ,      NaN , 2109 ,  153 ,   5.3 ,   0.2 ,   0.2
164 ,           J11302+076 ,                K2-18 , 0.47 , 0.46 ,  38.8 ,     CC21 ,    -1.57 ,      NaN ,      NaN ,    -4.97 ,  340 ,  104 ,   0.5 ,   0.5 ,   0.8
165 ,           J11306-080 ,           LP 672-042 , 0.39 , 0.39 ,   NaN ,          ,    -1.80 ,      NaN ,      NaN ,      NaN ,  344 ,  126 ,   0.6 ,   0.6 ,   0.8
166 ,           J11417+427 ,            Ross 1003 , 0.40 , 0.40 ,  71.5 ,     DA19 ,    -1.84 ,      NaN ,      NaN ,    -5.34 ,  126 ,  126 ,   0.1 ,   0.1 ,   0.5
167 ,           J11421+267 ,             Ross 905 , 0.46 , 0.45 ,  44.6 ,     DA19 ,    -1.61 ,    -5.18 ,      NaN ,    -5.27 ,  198 ,  198 ,   0.3 ,   0.2 ,   0.7
168 ,           J11467-140 ,               GJ 443 , 0.52 , 0.52 ,   NaN ,          ,    -1.42 ,      NaN ,      NaN ,    -4.77 ,  293 ,   96 ,   0.5 ,   0.5 ,   0.7
169 ,           J11474+667 , 1RXS J114728.8+66440 , 0.32 , 0.33 ,  13.4 ,     CC21 ,    -2.10 ,    -3.66 ,    -3.70 ,      NaN , 4522 ,  222 ,   3.2 ,   0.8 ,   0.6
170 ,           J11476+002 ,         LP 613-049 A , 0.34 , 0.35 ,  11.6 ,     DA19 ,    -1.92 ,    -3.13 ,    -3.68 ,    -4.08 , 3659 ,  197 ,   2.8 ,   0.6 ,   0.6
171 ,           J11476+786 ,               GJ 445 , 0.28 , 0.29 ,   NaN ,          ,    -2.11 ,    -4.84 ,      NaN ,    -5.61 ,  150 ,  150 ,   0.1 ,   0.1 ,   0.4
172 ,           J11477+008 ,               FI Vir , 0.20 , 0.22 , 163.0 ,     DA19 ,    -2.42 ,    -4.32 ,      NaN ,    -5.21 ,  308 ,  308 ,   0.2 ,   0.2 ,   0.7
173 ,           J11509+483 ,              GJ 1151 , 0.19 , 0.21 , 125.0 ,     DA19 ,    -2.48 ,      NaN ,      NaN ,      NaN ,  259 ,  259 ,   0.2 ,   0.2 ,   0.7
174 ,           J11511+352 ,           BD+36 2219 , 0.49 , 0.48 ,  22.8 ,     DA19 ,    -1.49 ,    -4.43 ,      NaN ,    -4.62 ,  552 ,  105 ,   1.5 ,   0.4 ,   0.4
175 ,           J12100-150 ,           LP 734-032 , 0.41 , 0.41 ,   NaN ,          ,    -1.78 ,      NaN ,      NaN ,    -5.19 ,  166 ,  166 ,   0.1 ,   0.1 ,   0.4
176 ,           J12111-199 ,             LTT 4562 , 0.39 , 0.38 ,   NaN ,          ,    -1.78 ,      NaN ,      NaN ,    -5.19 ,  243 ,  243 ,   0.3 ,   0.3 ,   0.7
177 ,          J12123+544S ,            HD 238090 , 0.58 , 0.58 ,   NaN ,          ,    -1.15 ,      NaN ,      NaN ,      NaN ,  189 ,   47 ,   0.1 ,   0.1 ,   0.3
178 ,           J12156+526 ,           StKM 2-809 , 0.53 , 0.53 ,   0.7 ,    Rev20 ,    -1.47 ,    -2.99 ,    -3.64 ,      NaN , 7460 , 1464 ,  37.7 ,   0.8 ,   0.8
179 ,           J12189+111 ,               GL Vir , 0.15 , 0.18 ,   0.5 ,     DA19 ,    -2.66 ,    -3.26 ,    -3.76 ,    -4.70 , 4791 ,  971 ,  15.4 ,   1.1 ,   1.2
180 ,           J12230+640 ,             Ross 690 , 0.51 , 0.50 ,  32.9 ,     DA19 ,    -1.47 ,      NaN ,      NaN ,    -5.06 ,  164 ,   53 ,   0.3 ,   0.3 ,   0.7
181 ,           J12248-182 ,             Ross 695 , 0.28 , 0.29 ,   NaN ,          ,    -2.02 ,      NaN ,      NaN ,    -5.42 ,  310 ,   84 ,   0.4 ,   0.4 ,   0.7
182 ,           J12312+086 ,           BD+09 2636 , 0.57 , 0.57 ,   NaN ,          ,    -1.22 ,      NaN ,      NaN ,    -4.51 ,  390 ,   57 ,   0.7 ,   0.6 ,   0.5
183 ,           J12373-208 ,           LP 795-038 , 0.45 , 0.45 ,   NaN ,          ,    -1.69 ,      NaN ,      NaN ,    -5.16 ,  414 ,  414 ,   0.4 ,   0.4 ,   0.8
184 ,           J12189+111 ,               GL Vir , 0.15 , 0.18 ,   0.5 ,     DA19 ,    -2.66 ,    -3.26 ,    -3.76 ,    -4.70 , 3734 ,  674 ,  15.5 ,   0.6 ,   0.6
185 ,           J12428+418 ,            G 123-055 , 0.41 , 0.41 ,  16.2 ,     DA19 ,    -1.80 ,    -3.29 ,    -4.00 ,      NaN , 2109 ,  228 ,   3.3 ,   0.7 ,   0.5
186 ,           J12479+097 ,             Wolf 437 , 0.35 , 0.36 ,   NaN ,          ,    -1.92 ,      NaN ,      NaN ,    -5.46 ,  297 ,  127 ,   0.3 ,   0.3 ,   0.7
187 ,           J13005+056 ,               FN Vir , 0.20 , 0.22 ,   0.6 ,    Rev20 ,    -2.42 ,    -3.21 ,    -3.77 ,    -4.45 , 3898 ,  819 ,  18.2 ,   0.9 ,   1.0
188 ,           J13102+477 ,            G 177-025 , 0.17 , 0.20 ,  28.8 ,     DA19 ,    -2.53 ,    -3.10 ,    -4.04 ,      NaN , 2217 ,  394 ,   4.2 ,   0.9 ,   0.8
189 ,           J13119+658 ,       PM J13119+6550 , 0.43 , 0.43 ,   NaN ,          ,    -1.55 ,      NaN ,      NaN ,      NaN ,  326 ,  154 ,   0.2 ,   0.2 ,   0.7
190 ,           J13196+333 ,            Ross 1007 , 0.58 , 0.58 ,  48.0 ,     SM18 ,    -1.26 ,    -5.29 ,      NaN ,    -4.80 ,  305 ,  113 ,   0.6 ,   0.6 ,   0.7
191 ,           J13209+342 ,           BD+35 2439 , 0.54 , 0.54 ,   NaN ,          ,    -1.31 ,    -5.28 ,      NaN ,      NaN ,  250 ,   60 ,   0.2 ,   0.2 ,   0.6
192 ,           J13229+244 ,            Ross 1020 , 0.30 , 0.31 ,   NaN ,          ,    -2.07 ,      NaN ,      NaN ,      NaN ,  392 ,   81 ,   0.3 ,   0.3 ,   0.7
193 ,           J13255+688 , 2MASS J13253177+6850 , 0.64 , 0.63 ,   NaN ,          ,    -1.08 ,      NaN ,      NaN ,      NaN ,  510 ,  144 ,   0.4 ,   0.4 ,   0.7
194 ,          J13283-023W ,            Ross 486A , 0.46 , 0.45 ,  46.4 ,    Rae20 ,    -1.59 ,      NaN ,      NaN ,    -5.19 ,  279 ,  279 ,   0.3 ,   0.3 ,   0.7
195 ,           J13299+102 ,           BD+11 2576 , 0.51 , 0.50 ,  30.0 ,    SM17b ,    -1.39 ,    -4.80 ,      NaN ,    -4.81 ,  134 ,  134 ,   0.2 ,   0.2 ,   0.5
196 ,           J13427+332 ,             Ross1015 , 0.30 , 0.31 ,   NaN ,          ,    -2.05 ,      NaN ,      NaN ,    -5.15 ,  193 ,   91 ,   0.4 ,   0.4 ,   0.7
197 ,           J13450+176 ,           BD+18 2776 , 0.50 , 0.49 ,   NaN ,          ,    -1.35 ,      NaN ,      NaN ,    -4.98 ,  100 ,  100 ,   0.0 ,   0.0 ,   0.1
198 ,           J13457+148 ,            HD 119850 , 0.51 , 0.51 ,  52.3 ,     SM15 ,    -1.42 ,    -5.27 ,      NaN ,    -4.96 ,  157 ,   52 ,   0.2 ,   0.2 ,   0.5
199 ,           J13536+776 ,      RX J1353.6+7737 , 0.29 , 0.30 ,   1.2 ,    Rev20 ,    -2.06 ,    -3.14 ,    -3.79 ,      NaN , 2335 ,  577 ,  10.9 ,   0.7 ,   0.6
200 ,           J13591-198 ,           LP 799-007 , 0.28 , 0.30 ,   3.3 ,    Rev20 ,    -2.13 ,    -3.20 ,    -3.90 ,    -4.25 , 1787 ,  294 ,   4.9 ,   0.4 ,   0.5
201 ,           J14010-026 ,            HD 122303 , 0.52 , 0.52 ,  43.9 ,    SM17b ,    -1.37 ,      NaN ,      NaN ,    -4.75 ,  231 ,   59 ,   0.1 ,   0.1 ,   0.3
202 ,           J14082+805 ,            BD+81 465 , 0.58 , 0.58 ,   NaN ,          ,    -1.19 ,      NaN ,      NaN ,    -4.70 ,  264 ,  104 ,   1.8 ,   0.5 ,   0.4
203 ,           J14152+450 ,             Ross 992 , 0.47 , 0.47 ,  52.8 ,     DA19 ,    -1.58 ,      NaN ,      NaN ,      NaN ,  464 ,  131 ,   0.7 ,   0.7 ,   0.8
204 ,           J14173+454 ,      RX J1417.3+4525 , 0.31 , 0.32 ,   0.4 ,    Rev20 ,    -2.11 ,    -3.06 ,    -3.94 ,      NaN , 6433 , 1079 ,  16.6 ,   0.8 ,   0.8
205 ,           J14251+518 ,            tet Boo B , 0.43 , 0.42 ,   NaN ,          ,    -1.64 ,      NaN ,      NaN ,      NaN ,  195 ,  195 ,   0.1 ,   0.1 ,   0.5
206 ,          J14257+236E ,          BD+24 2733B , 0.63 , 0.62 ,   NaN ,  badDA19 ,    -1.13 ,    -4.41 ,      NaN ,    -4.65 ,  318 ,   88 ,   1.1 ,   0.8 ,   0.4
207 ,           J13536+776 ,      RX J1353.6+7737 , 0.29 , 0.30 ,   1.2 ,    Rev20 ,    -2.06 ,    -3.14 ,    -3.79 ,      NaN , 2326 ,  488 ,  10.7 ,   0.5 ,   0.5
208 ,           J14294+155 ,             Ross 130 , 0.53 , 0.53 ,  43.5 ,     SM18 ,    -1.39 ,      NaN ,      NaN ,    -4.86 ,  363 ,  146 ,   0.3 ,   0.3 ,   0.7
209 ,           J14307-086 ,           BD-07 3856 , 0.62 , 0.74 ,   NaN ,          ,    -1.02 ,      NaN ,      NaN ,    -4.61 ,  226 ,   45 ,   0.1 ,   0.1 ,   0.4
210 ,           J14310-122 ,            Wolf 1478 , 0.35 , 0.35 ,   NaN ,          ,    -1.89 ,      NaN ,      NaN ,    -5.57 ,  264 ,  264 ,   0.2 ,   0.2 ,   0.7
211 ,           J14321+081 ,           LP 560-035 , 0.16 , 0.17 ,   NaN ,          ,    -2.73 ,      NaN ,    -4.16 ,      NaN , 2153 ,  560 ,   7.1 ,   0.7 ,   0.6
212 ,           J14342-125 ,               HN Lib , 0.33 , 0.34 ,   NaN ,          ,    -2.00 ,      NaN ,      NaN ,    -5.22 ,  137 ,  137 ,   0.1 ,   0.1 ,   0.5
213 ,           J14524+123 ,              G 66-37 , 0.54 , 0.54 ,   NaN ,          ,    -1.38 ,      NaN ,      NaN ,    -4.64 ,  456 ,  194 ,   1.5 ,   1.2 ,   0.7
214 ,           J14544+355 ,            Ross 1041 , 0.40 , 0.39 ,   NaN ,          ,    -1.82 ,      NaN ,      NaN ,      NaN ,  191 ,   88 ,   0.1 ,   0.1 ,   0.5
215 ,           J15013+055 ,               G 15-2 , 0.38 , 0.38 ,   NaN ,          ,    -1.81 ,      NaN ,      NaN ,    -5.11 ,  473 ,  147 ,   0.6 ,   0.6 ,   0.9
216 ,           J15095+031 ,            Ross 1047 , 0.47 , 0.46 ,   NaN ,          ,    -1.59 ,      NaN ,      NaN ,    -5.13 ,  118 ,  118 ,   0.1 ,   0.1 ,   0.4
217 ,           J15194-077 ,               HO Lib , 0.34 , 0.34 , 132.5 ,     SM15 ,    -1.91 ,      NaN ,      NaN ,    -5.50 ,  242 ,  242 ,   0.5 ,   0.4 ,   0.7
218 ,           J15218+209 ,               OT Ser , 0.55 , 0.55 ,   3.4 ,    Rev20 ,    -1.33 ,    -3.21 ,    -3.76 ,    -3.98 , 3206 ,  157 ,   5.0 ,   0.3 ,   0.3
219 ,           J15305+094 ,           NLTT 40406 , 0.14 , 0.15 ,   0.3 ,     DA19 ,    -2.89 ,      NaN ,    -3.96 ,      NaN , 4032 ,  791 ,  15.3 ,   0.8 ,   0.9
220 ,           J15369-141 ,             Ross 802 , 0.34 , 0.35 ,   NaN ,          ,    -1.94 ,      NaN ,      NaN ,    -5.27 ,  419 ,  419 ,   0.3 ,   0.3 ,   0.8
221 ,           J15474-108 ,           LP 743-031 , 0.51 , 0.50 ,   NaN ,          ,    -1.46 ,      NaN ,      NaN ,      NaN , 1136 ,  163 ,   2.3 ,   0.6 ,   0.5
222 ,           J15499+796 ,           LP 022-420 , 0.29 , 0.31 ,   0.2 ,    Rev20 ,    -2.15 ,    -3.60 ,    -3.81 ,      NaN , 4596 , 1798 ,  28.9 ,   3.3 ,   1.7
223 ,           J15583+354 ,            G 180-018 , 0.32 , 0.33 ,  57.2 ,   Hart11 ,    -1.94 ,      NaN ,      NaN ,      NaN ,  272 ,  272 ,   0.5 ,   0.5 ,   0.8
224 ,           J15598-082 ,           BD-07 4156 , 0.51 , 0.51 ,  20.0 ,     SM18 ,    -1.43 ,    -4.46 ,      NaN ,    -4.60 ,  522 ,  112 ,   0.5 ,   0.5 ,   0.7
225 ,           J16028+205 ,               GJ 609 , 0.28 , 0.30 ,   NaN ,          ,    -2.14 ,      NaN ,      NaN ,    -5.12 ,  247 ,  247 ,   0.3 ,   0.3 ,   0.7
226 ,           J16092+093 ,            G 137-084 , 0.40 , 0.39 ,   NaN ,          ,    -1.73 ,      NaN ,      NaN ,    -4.84 ,  682 ,  172 ,   0.4 ,   0.4 ,   0.8
227 ,          J16167+672N ,               EW Dra , 0.49 , 0.49 ,   NaN ,          ,    -1.53 ,    -4.85 ,      NaN ,    -4.91 ,  253 ,  152 ,   0.5 ,   0.5 ,   0.8
228 ,          J16167+672S ,            HD 147379 , 0.60 , 0.78 ,   NaN ,          ,    -1.02 ,    -4.89 ,      NaN ,    -4.52 ,  494 ,  112 ,   1.8 ,   0.3 ,   0.3
229 ,           J16254+543 ,               GJ 625 , 0.34 , 0.34 ,  76.8 ,     DA19 ,    -1.85 ,    -5.03 ,      NaN ,    -5.33 ,  402 ,  155 ,   0.4 ,   0.4 ,   0.8
230 ,           J16303-126 ,            V2306 Oph , 0.33 , 0.34 , 119.0 ,     DA19 ,    -1.97 ,    -5.08 ,      NaN ,    -5.29 ,  177 ,  177 ,   0.1 ,   0.1 ,   0.4
231 ,           J15499+796 ,           LP 022-420 , 0.29 , 0.31 ,   0.2 ,    Rev20 ,    -2.15 ,    -3.60 ,    -3.81 ,      NaN , 4589 , 1800 ,  28.9 ,   3.2 ,   1.7
232 ,           J16327+126 ,              GJ 1203 , 0.43 , 0.42 ,   NaN ,          ,    -1.68 ,      NaN ,      NaN ,    -5.29 ,  284 ,  135 ,   0.4 ,   0.4 ,   0.7
233 ,           J16462+164 ,           LP 446-006 , 0.45 , 0.45 ,   NaN ,          ,    -1.59 ,      NaN ,      NaN ,    -5.11 ,  334 ,  334 ,   1.6 ,   1.0 ,   0.5
234 ,          J16554-083N ,               GJ 643 , 0.23 , 0.25 ,   NaN ,  badDA19 ,    -2.27 ,      NaN ,      NaN ,    -5.25 ,  276 ,  276 ,   0.7 ,   0.6 ,   0.6
235 ,           J16555-083 ,                 vB 8 , 0.10 , 0.12 ,   NaN ,          ,    -3.22 ,    -3.61 ,    -4.06 ,      NaN , 1351 ,  251 ,   5.3 ,   0.4 ,   0.4
236 ,           J16570-043 ,           LP 686-027 , 0.26 , 0.28 ,   0.5 ,     DA19 ,    -2.18 ,    -3.11 ,    -3.69 ,    -4.18 , 2736 ,  819 ,  11.7 ,   0.8 ,   0.8
237 ,           J16581+257 ,           BD+25 3173 , 0.53 , 0.53 ,  23.8 ,     DA19 ,    -1.35 ,    -3.63 ,      NaN ,    -4.62 ,  474 ,  128 ,   1.2 ,   0.9 ,   0.5
238 ,           J17033+514 ,            G 203-042 , 0.21 , 0.23 ,   NaN ,          ,    -2.38 ,      NaN ,      NaN ,      NaN ,  193 ,  193 ,   0.2 ,   0.2 ,   0.6
239 ,           J17052-050 ,             Wolf 636 , 0.47 , 0.46 ,  50.2 ,     DA19 ,    -1.47 ,    -4.82 ,      NaN ,    -5.08 ,  172 ,  172 ,   0.2 ,   0.2 ,   0.6
240 ,           J17071+215 ,             Ross 863 , 0.43 , 0.42 ,   NaN ,          ,    -1.68 ,      NaN ,      NaN ,    -5.20 ,  155 ,  155 ,   0.2 ,   0.2 ,   0.5
241 ,           J17115+384 ,             Wolf 654 , 0.42 , 0.41 ,  62.6 ,     DA19 ,    -1.72 ,      NaN ,      NaN ,    -5.29 ,  100 ,  100 ,   0.1 ,   0.1 ,   0.2
242 ,           J17198+417 ,               GJ 671 , 0.40 , 0.39 ,  71.5 ,     DA19 ,    -1.73 ,      NaN ,      NaN ,    -5.31 ,  100 ,  100 ,   0.1 ,   0.1 ,   0.3
243 ,           J17303+055 ,           BD+05 3409 , 0.53 , 0.52 ,   NaN ,          ,    -1.28 ,      NaN ,      NaN ,    -4.66 ,  225 ,   64 ,   0.3 ,   0.3 ,   0.7
244 ,           J17338+169 , 1RXS J173353.5+16551 , 0.37 , 0.37 ,   0.3 ,    Rev20 ,    -2.05 ,    -3.23 ,    -3.49 ,      NaN , 7722 , 2135 ,  39.7 ,   2.1 ,   2.3
245 ,           J16570-043 ,           LP 686-027 , 0.26 , 0.28 ,   0.5 ,     DA19 ,    -2.18 ,    -3.11 ,    -3.69 ,    -4.18 , 2509 ,  577 ,  12.3 ,   0.5 ,   0.4
246 ,           J17378+185 ,           BD+18 3421 , 0.43 , 0.43 ,   NaN ,          ,    -1.53 ,      NaN ,      NaN ,    -5.08 ,  100 ,  100 ,   0.1 ,   0.1 ,   0.3
247 ,           J17542+073 ,              GJ 1222 , 0.34 , 0.35 ,   NaN ,          ,    -2.00 ,      NaN ,      NaN ,      NaN ,  406 ,  406 ,   0.4 ,   0.3 ,   0.8
248 ,           J17578+046 ,       Barnard's Star , 0.17 , 0.19 , 148.6 ,     SM15 ,    -2.45 ,    -5.41 ,      NaN ,    -5.49 ,  391 ,   85 ,   0.3 ,   0.3 ,   0.7
249 ,           J17578+465 ,            G 204-039 , 0.43 , 0.43 ,  30.3 ,     DA19 ,    -1.68 ,    -4.42 ,      NaN ,      NaN ,  395 ,  181 ,   0.5 ,   0.4 ,   0.8
250 ,           J18022+642 ,           LP 071-082 , 0.18 , 0.21 ,   0.3 ,    Rev20 ,    -2.50 ,    -3.20 ,    -3.81 ,      NaN , 5002 ,  859 ,  12.7 ,   0.7 ,   0.8
251 ,           J18027+375 ,              GJ 1223 , 0.16 , 0.19 , 123.8 ,   New16a ,    -2.63 ,      NaN ,      NaN ,      NaN ,  163 ,  163 ,   0.2 ,   0.2 ,   0.6
252 ,           J18051-030 ,            HD 165222 , 0.47 , 0.46 , 127.8 ,     SM15 ,    -1.50 ,    -4.86 ,      NaN ,    -4.87 ,  303 ,   59 ,   0.2 ,   0.2 ,   0.7
253 ,           J18075-159 ,              GJ 1224 , 0.19 , 0.20 ,   3.9 ,     DA19 ,    -2.52 ,    -3.08 ,    -3.87 ,      NaN , 2833 ,  236 ,   2.8 ,   1.0 ,   0.8
254 ,           J17338+169 , 1RXS J173353.5+16551 , 0.37 , 0.37 ,   0.3 ,    Rev20 ,    -2.05 ,    -3.23 ,    -3.49 ,      NaN , 7226 , 1926 ,  41.6 ,   1.4 ,   1.4
255 ,           J18165+048 ,             G 140-51 , 0.19 , 0.22 ,   NaN ,          ,    -2.45 ,      NaN ,      NaN ,      NaN ,  148 ,  148 ,   0.2 ,   0.1 ,   0.6
256 ,           J18174+483 ,      TYC 3529-1437-1 , 0.56 , 0.56 ,  16.0 ,     CC21 ,    -1.34 ,    -3.62 ,    -4.01 ,      NaN , 1722 ,  171 ,   3.0 ,   0.4 ,   0.4
257 ,          J18180+387E ,             G 204-58 , 0.32 , 0.32 ,   NaN ,          ,    -1.90 ,      NaN ,      NaN ,      NaN ,  222 ,   91 ,   0.3 ,   0.3 ,   0.7
258 ,           J18189+661 ,            LP 71-165 , 0.15 , 0.18 ,   0.5 ,    Rev20 ,    -2.63 ,    -3.61 ,    -4.06 ,      NaN , 3358 ,  756 ,  16.0 ,   0.8 ,   0.8
259 ,           J18198-019 ,            HD 168442 , 0.62 , 0.61 ,   NaN ,          ,    -1.02 ,      NaN ,      NaN ,      NaN ,  255 ,   49 ,   0.3 ,   0.3 ,   0.7
260 ,           J18221+063 ,             Ross 136 , 0.33 , 0.34 ,   NaN ,          ,    -1.98 ,      NaN ,      NaN ,    -4.62 ,  203 ,  203 ,   0.3 ,   0.2 ,   0.7
261 ,           J18224+620 ,              GJ 1227 , 0.21 , 0.24 ,   NaN ,          ,    -2.52 ,      NaN ,      NaN ,      NaN ,  397 ,  216 ,   0.3 ,   0.3 ,   0.8
262 ,           J18319+406 ,            G 205-028 , 0.39 , 0.38 ,  50.2 ,     DA19 ,    -1.79 ,    -4.77 ,      NaN ,    -5.05 ,  292 ,  292 ,   0.3 ,   0.3 ,   0.7
263 ,           J18346+401 ,           LP 229-017 , 0.46 , 0.46 ,  40.2 ,     DA19 ,    -1.67 ,    -4.74 ,      NaN ,    -5.02 ,  246 ,   66 ,   0.2 ,   0.2 ,   0.6
264 ,           J18353+457 ,           BD+45 2743 , 0.60 , 0.60 ,  34.0 ,     DA19 ,    -1.15 ,    -5.17 ,      NaN ,    -4.74 ,  175 ,   56 ,   0.1 ,   0.1 ,   0.5
265 ,           J18363+136 ,             Ross 149 , 0.33 , 0.34 ,  50.2 ,     DA19 ,    -1.98 ,    -3.54 ,    -4.53 ,    -4.67 , 1212 ,  249 ,   2.4 ,   0.6 ,   0.5
266 ,           J18409-133 ,           BD-13 5069 , 0.55 , 0.55 ,   NaN ,          ,    -1.29 ,      NaN ,      NaN ,    -4.65 ,  306 ,   68 ,   0.6 ,   0.6 ,   0.6
267 ,           J18419+318 ,             Ross 145 , 0.39 , 0.38 ,   NaN ,          ,    -1.77 ,      NaN ,      NaN ,    -5.45 ,  134 ,  134 ,   0.1 ,   0.1 ,   0.5
268 ,           J18480-145 ,            G 155-042 , 0.42 , 0.41 ,   NaN ,          ,    -1.71 ,      NaN ,      NaN ,      NaN ,  242 ,  242 ,   0.3 ,   0.2 ,   0.7
269 ,           J18482+076 ,            G 141-036 , 0.14 , 0.16 ,   2.8 ,     DA19 ,    -2.67 ,    -3.64 ,    -4.01 ,      NaN , 1169 ,  266 ,   3.6 ,   0.8 ,   0.6
270 ,           J18498-238 ,            V1216 Sgr , 0.19 , 0.21 ,   2.9 ,     CC21 ,    -2.40 ,      NaN ,    -3.99 ,    -4.34 , 1596 ,  273 ,   5.4 ,   0.4 ,   0.3
271 ,           J18580+059 ,           BD+05 3993 , 0.58 , 0.58 ,  35.2 ,     DA19 ,    -1.19 ,    -4.86 ,      NaN ,    -4.57 ,  571 ,   90 ,   0.8 ,   0.7 ,   0.6
272 ,           J19070+208 ,             Ross 730 , 0.34 , 0.34 ,   NaN ,          ,    -1.85 ,      NaN ,      NaN ,    -6.05 ,  222 ,  222 ,   0.2 ,   0.2 ,   0.7
273 ,           J19072+208 ,            HD 349726 , 0.36 , 0.36 ,   NaN ,  badDA19 ,    -1.85 ,      NaN ,      NaN ,    -5.74 ,  115 ,  115 ,   0.1 ,   0.1 ,   0.5
274 ,           J19084+322 ,            G 207-019 , 0.38 , 0.38 ,  74.1 ,     DA19 ,    -1.81 ,      NaN ,      NaN ,    -5.41 ,  237 ,  237 ,   0.2 ,   0.2 ,   0.7
275 ,           J19098+176 ,              GJ 1232 , 0.21 , 0.23 ,  80.1 ,     DA19 ,    -2.39 ,      NaN ,      NaN ,    -5.08 ,  141 ,  141 ,   0.1 ,   0.1 ,   0.6
276 ,          J19169+051N ,            V1428 Aql , 0.47 , 0.47 ,  46.0 ,     DA19 ,    -1.48 ,    -5.31 ,      NaN ,    -4.94 ,  250 ,   49 ,   0.1 ,   0.1 ,   0.5
277 ,          J19169+051S ,    V1298 Aql (vB 10) , 0.10 , 0.12 ,  23.6 ,     DA19 ,    -3.36 ,      NaN ,    -4.32 ,      NaN , 1396 ,  142 ,   1.7 ,   1.5 ,   0.9
278 ,           J19216+208 ,              GJ 1235 , 0.22 , 0.24 , 133.0 ,     DA19 ,    -2.35 ,      NaN ,      NaN ,    -5.34 ,  278 ,  106 ,   0.2 ,   0.2 ,   0.7
279 ,           J19251+283 ,             Ross 164 , 0.40 , 0.40 ,   NaN ,          ,    -1.78 ,      NaN ,      NaN ,    -5.08 ,  279 ,   90 ,   0.2 ,   0.2 ,   0.7
280 ,           J19346+045 ,           BD+04 4157 , 0.61 , 0.61 ,   NaN ,  badDA19 ,    -1.12 ,      NaN ,      NaN ,    -4.27 ,  273 ,   63 ,   0.4 ,   0.4 ,   0.7
281 ,           J19422-207 , 2MASS J19421282-2045 , 0.23 , 0.24 ,   NaN ,          ,    -2.32 ,    -2.90 ,    -3.77 ,      NaN , 3293 ,  432 ,   7.4 ,   0.5 ,   0.6
282 ,           J19511+464 ,            G 208-042 , 0.28 , 0.29 ,   0.6 ,    Rev20 ,    -2.14 ,    -3.37 ,    -3.73 ,    -4.89 , 4239 , 1143 ,  24.7 ,   1.0 ,   1.0
283 ,           J20093-012 , 2MASS J20091824-0113 , 0.18 , 0.19 ,   NaN ,          ,    -2.57 ,    -3.35 ,    -3.82 ,      NaN , 3282 ,  586 ,   8.5 ,   1.0 ,   0.4
284 ,           J20260+585 ,            Wolf 1069 , 0.18 , 0.21 ,  57.7 ,     DA19 ,    -2.54 ,      NaN ,      NaN ,      NaN ,  363 ,  170 ,   0.3 ,   0.2 ,   0.7
285 ,           J20305+654 ,               GJ 793 , 0.42 , 0.41 ,  32.8 ,     DA19 ,    -1.70 ,    -4.10 ,      NaN ,    -4.83 ,  639 ,  223 ,   1.7 ,   1.3 ,   0.7
286 ,           J20336+617 ,              GJ 1254 , 0.42 , 0.41 ,   NaN ,  badDA19 ,    -1.74 ,      NaN ,      NaN ,      NaN ,  352 ,  352 ,   0.4 ,   0.4 ,   0.8
287 ,           J20405+154 ,              GJ 1256 , 0.21 , 0.23 , 106.0 ,     DA19 ,    -2.39 ,      NaN ,      NaN ,    -5.45 ,  327 ,  115 ,   0.2 ,   0.2 ,   0.7
288 ,           J20450+444 ,           BD+44 3567 , 0.44 , 0.44 ,  19.9 ,     DA19 ,    -1.60 ,      NaN ,      NaN ,    -4.92 ,  135 ,  135 ,   0.2 ,   0.2 ,   0.6
289 ,           J20451-313 ,               AU Mic , 0.50 , 0.75 ,   4.9 ,    Rev20 ,    -1.00 ,    -2.86 ,    -3.72 ,      NaN , 3266 ,  147 ,   8.2 ,   0.2 ,   0.2
290 ,           J20525-169 ,           LP 816-060 , 0.25 , 0.27 ,  67.6 ,     DA19 ,    -2.18 ,      NaN ,      NaN ,    -5.13 ,  342 ,   85 ,   0.4 ,   0.4 ,   0.7
291 ,           J20533+621 ,            HD 199305 , 0.57 , 0.57 ,   NaN ,          ,    -1.28 ,    -4.87 ,      NaN ,    -4.60 ,  351 ,   93 ,   0.5 ,   0.5 ,   0.7
292 ,          J20556-140S ,             GJ 810 B , 0.16 , 0.19 ,   NaN ,          ,    -2.61 ,      NaN ,      NaN ,      NaN ,  715 ,  500 ,   3.2 ,   1.4 ,   1.0
293 ,           J20093-012 , 2MASS J20091824-0113 , 0.18 , 0.19 ,   NaN ,          ,    -2.57 ,    -3.35 ,    -3.82 ,      NaN , 2798 ,  322 ,   5.8 ,   0.5 ,   0.5
294 ,           J21019-063 ,             Wolf 906 , 0.48 , 0.48 ,   NaN ,          ,    -1.52 ,    -4.75 ,      NaN ,    -4.96 ,  283 ,   60 ,   0.2 ,   0.2 ,   0.6
295 ,           J21152+257 ,           LP 397-041 , 0.57 , 0.57 ,  34.8 ,     DA19 ,    -1.33 ,      NaN ,      NaN ,      NaN ,  273 ,  111 ,   0.6 ,   0.6 ,   0.8
296 ,           J21164+025 ,      LSPM J2116+0234 , 0.45 , 0.44 ,   NaN ,          ,    -1.62 ,      NaN ,      NaN ,    -5.02 ,  211 ,   74 ,   0.3 ,   0.3 ,   0.7
297 ,           J21221+229 ,       TYC 2187-512-1 , 0.51 , 0.51 ,  41.0 ,     DA19 ,    -1.39 ,      NaN ,      NaN ,    -4.85 ,  531 ,   64 ,   0.1 ,   0.1 ,   0.4
298 ,           J21348+515 ,             Wolf 926 , 0.48 , 0.47 ,  54.3 ,     DA19 ,    -1.57 ,      NaN ,      NaN ,      NaN ,  285 ,  285 ,   0.3 ,   0.3 ,   0.7
299 ,           J21463+382 ,      LSPM J2146+3813 , 0.21 , 0.23 ,   NaN ,          ,    -2.35 ,      NaN ,      NaN ,      NaN ,  314 ,   87 ,   0.7 ,   0.6 ,   0.5
300 ,           J21466+668 ,            G 264-012 , 0.33 , 0.33 ,   NaN ,          ,    -1.97 ,      NaN ,      NaN ,      NaN ,  190 ,  190 ,   0.2 ,   0.2 ,   0.7
301 ,           J21466-001 ,             Wolf 940 , 0.32 , 0.33 ,   NaN ,          ,    -2.04 ,      NaN ,      NaN ,      NaN ,  194 ,  194 ,   0.2 ,   0.2 ,   0.7
302 ,          J20556-140S ,             GJ 810 B , 0.16 , 0.19 ,   NaN ,          ,    -2.61 ,      NaN ,      NaN ,      NaN ,  263 ,  153 ,   0.4 ,   0.4 ,   0.8
303 ,           J22012+283 ,             V374 Peg , 0.33 , 0.33 ,   0.4 ,    Rev20 ,    -2.00 ,    -3.13 ,    -3.73 ,    -4.68 , 3726 , 1147 ,  38.7 ,   0.6 ,   0.6
304 ,           J22020-194 ,           LP 819-017 , 0.33 , 0.34 ,   NaN ,          ,    -1.87 ,      NaN ,      NaN ,    -5.32 ,  832 ,  481 ,   2.6 ,   1.8 ,   1.0
305 ,           J22021+014 ,           BD+00 4810 , 0.57 , 0.57 ,  29.5 ,     DA19 ,    -1.21 ,    -5.25 ,      NaN ,    -4.51 ,  441 ,   76 ,   1.1 ,   0.7 ,   0.4
306 ,           J22057+656 ,          G 264-018 A , 0.49 , 0.49 ,   NaN ,          ,    -1.43 ,      NaN ,      NaN ,      NaN ,  288 ,   73 ,   0.1 ,   0.1 ,   0.4
307 ,           J22096-046 ,           BD-05 5715 , 0.49 , 0.48 ,  39.2 ,     SM15 ,    -1.55 ,      NaN ,      NaN ,    -5.05 ,  264 ,   64 ,   0.2 ,   0.2 ,   0.7
308 ,           J22114+409 , 1RXS J221124.3+41000 , 0.18 , 0.21 ,  30.0 ,     DA19 ,    -2.61 ,    -2.90 ,    -3.89 ,      NaN , 1939 ,  492 ,   5.0 ,   1.0 ,   0.9
309 ,           J22115+184 ,             Ross 271 , 0.54 , 0.54 ,  36.3 ,     DA19 ,    -1.36 ,      NaN ,      NaN ,      NaN ,  798 ,  187 ,   0.7 ,   0.6 ,   1.0
310 ,           J22125+085 ,            Wolf 1014 , 0.40 , 0.39 ,   NaN ,          ,    -1.73 ,      NaN ,      NaN ,    -5.21 ,  263 ,   97 ,   0.3 ,   0.3 ,   0.7
311 ,           J22137-176 ,           LP 819-052 , 0.19 , 0.22 ,   NaN ,          ,    -2.45 ,    -4.84 ,      NaN ,    -4.65 ,  248 ,  116 ,   0.4 ,   0.3 ,   0.7
312 ,           J22231-176 ,           LP 820-012 , 0.19 , 0.22 ,   NaN ,          ,    -2.46 ,    -3.22 ,    -3.85 ,    -4.47 , 2118 ,  337 ,   4.2 ,   0.9 ,   0.8
313 ,           J22252+594 ,            G 232-070 , 0.45 , 0.44 ,  64.6 ,     DA19 ,    -1.70 ,      NaN ,      NaN ,      NaN ,  239 ,   95 ,   0.2 ,   0.2 ,   0.7
314 ,           J22020-194 ,           LP 819-017 , 0.33 , 0.34 ,   NaN ,          ,    -1.87 ,      NaN ,      NaN ,    -5.32 ,  185 ,  185 ,   0.2 ,   0.2 ,   0.6
315 ,           J22330+093 ,           BD+08 4887 , 0.48 , 0.48 ,   NaN ,          ,    -1.45 ,      NaN ,      NaN ,    -4.84 ,  284 ,   81 ,   0.6 ,   0.5 ,   0.7
316 ,           J22468+443 ,               EV Lac , 0.37 , 0.37 ,   4.3 ,    Rev20 ,    -1.89 ,    -2.61 ,    -3.65 ,    -4.15 , 4281 ,  201 ,   4.8 ,   0.3 ,   0.4
317 ,           J22503-070 ,           BD-07 5871 , 0.56 , 0.56 ,   NaN ,          ,    -1.23 ,      NaN ,      NaN ,    -4.44 ,  395 ,   74 ,   0.9 ,   0.7 ,   0.5
318 ,           J22114+409 , 1RXS J221124.3+41000 , 0.18 , 0.21 ,  30.0 ,     DA19 ,    -2.61 ,    -2.90 ,    -3.89 ,      NaN , 1920 ,  244 ,   1.7 ,   1.5 ,   1.1
319 ,           J22532-142 ,               IL Aqr , 0.37 , 0.38 ,  81.0 ,     DA19 ,    -1.90 ,    -5.40 ,      NaN ,    -5.17 ,  228 ,  105 ,   0.2 ,   0.2 ,   0.7
320 ,           J22559+178 ,          StKM 1-2065 , 0.56 , 0.56 ,  27.0 ,     SM18 ,    -1.27 ,      NaN ,      NaN ,    -4.50 ,  607 ,   96 ,   0.7 ,   0.6 ,   0.6
321 ,           J22565+165 ,            HD 216899 , 0.58 , 0.58 ,  39.5 ,     DA19 ,    -1.29 ,    -5.18 ,      NaN ,    -4.62 ,  373 ,   44 ,   0.2 ,   0.2 ,   0.5
322 ,           J22231-176 ,           LP 820-012 , 0.19 , 0.22 ,   NaN ,          ,    -2.46 ,    -3.22 ,    -3.85 ,    -4.47 , 1921 ,  263 ,   2.9 ,   0.9 ,   0.7
323 ,           J23216+172 ,           LP 462-027 , 0.42 , 0.42 ,  74.7 ,     DA19 ,    -1.77 ,      NaN ,      NaN ,    -5.07 ,  217 ,  101 ,   0.2 ,   0.2 ,   0.7
324 ,           J23245+578 ,           BD+57 2735 , 0.57 , 0.58 ,   NaN ,          ,    -1.25 ,    -5.11 ,      NaN ,    -4.50 ,  456 ,   55 ,   0.2 ,   0.2 ,   0.6
325 ,           J23340+001 ,               GJ 899 , 0.44 , 0.43 ,   NaN ,          ,    -1.57 ,    -4.95 ,      NaN ,    -5.29 ,  233 ,  233 ,   0.3 ,   0.3 ,   0.7
326 ,           J23351-023 ,              GJ 1286 , 0.13 , 0.15 ,   NaN ,          ,    -2.87 ,      NaN ,    -4.95 ,      NaN , 1286 ,  303 ,   1.6 ,   1.5 ,   1.3
327 ,           J23381-162 ,            G 273-093 , 0.40 , 0.39 ,  61.7 ,    Wat06 ,    -1.70 ,      NaN ,      NaN ,    -5.34 ,  186 ,  186 ,   0.5 ,   0.5 ,   0.6
328 ,           J23419+441 ,               HH And , 0.16 , 0.19 , 106.0 ,     DA19 ,    -2.65 ,    -3.65 ,    -5.03 ,    -4.94 ,  347 ,  135 ,   0.2 ,   0.2 ,   0.6
329 ,           J23431+365 ,              GJ 1289 , 0.23 , 0.24 ,  83.6 ,     DA19 ,    -2.25 ,    -3.62 ,    -4.42 ,      NaN , 1149 ,  219 ,   1.5 ,   1.4 ,   0.9
330 ,           J23492+024 ,               BR Psc , 0.40 , 0.41 ,  49.9 ,     SM18 ,    -1.59 ,    -4.84 ,      NaN ,    -5.18 ,  107 ,  107 ,   0.0 ,   0.0 ,   0.1
331 ,           J23505-095 ,           LP 763-012 , 0.31 , 0.32 ,   NaN ,          ,    -1.98 ,      NaN ,      NaN ,    -4.78 ,  296 ,  296 ,   0.1 ,   0.1 ,   0.6
332 ,           J23548+385 ,      RX J2354.8+3831 , 0.33 , 0.33 ,   4.8 ,    Rev20 ,    -1.98 ,    -2.86 ,    -3.86 ,      NaN , 4931 ,  294 ,   5.4 ,   0.5 ,   0.5
333 ,           J23556-061 ,               GJ 912 , 0.55 , 0.55 ,   NaN ,          ,    -1.35 ,      NaN ,      NaN ,      NaN ,  287 ,  130 ,   1.0 ,   0.9 ,   0.7
334 ,           J23351-023 ,              GJ 1286 , 0.13 , 0.15 ,   NaN ,          ,    -2.87 ,      NaN ,    -4.95 ,      NaN ,  756 ,  155 ,   0.3 ,   0.3 ,   0.8
335 ,                      ,              HD 1835 , 1.06 , 1.00 ,   7.8 ,      K20 ,    -0.01 ,    -4.43 ,      NaN ,    -4.43 ,  683 ,   50 ,   6.3 ,   NaN ,   NaN
336 ,                      ,             HD 20630 , 1.03 , 0.95 ,   9.3 ,      K20 ,    -0.08 ,    -4.71 ,      NaN ,    -4.40 ,  503 ,   50 ,   4.7 ,   NaN ,   NaN
337 ,                      ,             HD 29615 , 1.09 , 1.00 ,   2.3 ,      K20 ,    -0.00 ,    -3.62 ,      NaN ,      NaN , 1340 ,  160 ,  20.1 ,   NaN ,   NaN
338 ,                      ,             HD 39587 , 1.11 , 1.00 ,   4.8 ,      K20 ,     0.00 ,    -4.64 ,      NaN ,    -4.37 ,  456 ,   70 ,   9.4 ,   NaN ,   NaN
339 ,                      ,             HD 56124 , 1.03 , 1.01 ,  18.0 ,      K20 ,     0.00 ,    -5.23 ,      NaN ,    -4.78 ,  218 ,   50 ,   0.6 ,   NaN ,   NaN
340 ,                      ,             HD 72905 , 1.08 , 0.99 ,   4.9 ,      K20 ,    -0.01 ,    -4.64 ,      NaN ,    -4.33 ,  594 ,   70 ,   9.6 ,   NaN ,   NaN
341 ,                      ,             HD 73350 , 1.04 , 0.98 ,  12.3 ,      K20 ,    -0.04 ,    -4.80 ,      NaN ,    -4.50 ,  488 ,   70 ,   3.2 ,   NaN ,   NaN
342 ,                      ,             HD 76151 , 1.06 , 1.00 ,  20.5 ,      K20 ,    -0.02 ,    -5.12 ,      NaN ,    -4.66 ,  410 ,   70 ,   0.0 ,   NaN ,   NaN
343 ,                      ,             HD 82558 , 0.75 , 0.71 ,   1.6 ,      K20 ,    -0.58 ,    -3.06 ,      NaN ,    -3.97 , 2010 ,  150 ,  28.3 ,   NaN ,   NaN
344 ,                      ,            HD 129333 , 0.95 , 1.00 ,   2.6 ,      K20 ,    -0.01 ,    -3.60 ,      NaN ,    -4.09 , 1403 ,   70 ,  17.0 ,   NaN ,   NaN
345 ,                      ,           HD 131156A , 0.83 , 1.09 ,   6.4 ,      K20 ,    -0.02 ,    -4.44 ,      NaN ,    -4.32 ,  781 ,  130 ,   4.9 ,   NaN ,   NaN
346 ,                      ,            HD 166435 , 1.08 , 0.97 ,   3.4 ,      K20 ,    -0.03 ,    -4.08 ,      NaN ,    -4.26 ,  685 ,  100 ,   7.6 ,   NaN ,   NaN
347 ,                      ,            HD 175726 , 1.17 , 1.00 ,   3.9 ,      K20 ,     0.04 ,    -4.58 ,      NaN ,    -4.38 ,  370 ,   80 ,  12.4 ,   NaN ,   NaN
348 ,                      ,            HD 190771 , 1.30 , 0.88 ,   8.8 ,      K20 ,    -0.12 ,    -4.45 ,      NaN ,    -4.39 ,  591 ,   70 ,   3.4 ,   NaN ,   NaN
349 ,                      ,            HD 206860 , 1.10 , 1.04 ,   4.6 ,      K20 ,     0.06 ,    -4.65 ,      NaN ,    -4.37 ,  450 ,   80 ,  10.1 ,   NaN ,   NaN
350 ,                      ,               Gl 182 , 0.58 , 0.54 ,   4.3 ,    Shu17 ,    -1.25 ,    -2.73 ,      NaN ,      NaN , 2600 ,  600 ,   NaN ,   NaN ,   NaN
351 ,                      ,               Gl 494 , 0.58 , 0.54 ,   2.8 ,    Shu17 ,    -1.25 ,    -2.98 ,      NaN ,      NaN , 2600 ,  100 ,   NaN ,   NaN ,   NaN
352 ,                      ,              Gl 569A , 0.49 , 0.47 ,  14.7 ,    Shu17 ,    -1.47 ,    -4.04 ,      NaN ,      NaN , 1800 ,  100 ,   NaN ,   NaN ,   NaN
353 ,                      ,             GJ 1245B , 0.14 , 0.19 ,   0.7 ,    Shu17 ,    -2.52 ,    -3.60 ,      NaN ,      NaN , 3400 ,  300 ,   NaN ,   NaN ,   NaN
354 ,                      ,              Gl 896A , 0.14 , 0.19 ,   1.1 ,    Shu17 ,    -2.52 ,    -2.78 ,      NaN ,      NaN , 3600 ,  400 ,   NaN ,   NaN ,   NaN
355 ,                      ,              Gl 896B , 0.29 , 0.30 ,   0.4 ,    Shu17 ,    -1.96 ,    -2.48 ,      NaN ,      NaN , 4200 , 1000 ,   NaN ,   NaN ,   NaN
356 ,                      ,                  Sun , 1.00 , 1.00 ,  26.1 ,          ,     0.00 ,    -6.24 ,      NaN ,      NaN ,  130 ,   30 ,   NaN ,   NaN ,   NaN
